hub_code,spoke_code,aircraft_type,passenger_demand,seats,mtow_tonnes,hub_lat,hub_lon,spoke_lat,spoke_lon,hub_country,hub_mass_fee,hub_pax_fee,spoke_country,spoke_mass_fee,spoke_pax_fee,hub_unit_rate,spoke_unit_rate,distance_km,distance_nm,one_way_fuel_kg,block_hours_per_leg,passengers_boarded,uncaptured_demand,blended_unit_rate,roundtrip_fuel_cost,roundtrip_hourly_cost,roundtrip_enroute_cost,roundtrip_mass_fees,roundtrip_pax_fees,total_roundtrip_doc,roundtrip_revenue,uncaptured_revenue,net_roundtrip_profit,cask_eur_per_ask,breakeven_lf,actual_lf
FRA,BUD,A319,100,138,68,50.033333,8.570556,47.42976,19.261093,DE,2.5,28.1,HU,2,15,97.79,42.73,835.8358317082251,451.3152439029293,4115.797678050867,1.345042656795506,100,0,70.26,9137.070845272925,4842.153564463822,1369.7098547377745,612,4310,20270.934264474523,16716.716634164502,0,-3554.2176303100205,0.08787062149706658,87.9,72.5
FRA,BUD,A319,120,138,68,50.033333,8.570556,47.42976,19.261093,DE,2.5,28.1,HU,2,15,97.79,42.73,835.8358317082251,451.3152439029293,4115.797678050867,1.345042656795506,120,0,70.26,9137.070845272925,4842.153564463822,1369.7098547377745,612,5172,21132.934264474523,20060.0599609974,0,-1072.8743034771214,0.09160722656628709,91.6,87
FRA,BUD,A319,140,138,68,50.033333,8.570556,47.42976,19.261093,DE,2.5,28.1,HU,2,15,97.79,42.73,835.8358317082251,451.3152439029293,4115.797678050867,1.345042656795506,138,2,70.26,9137.070845272925,4842.153564463822,1369.7098547377745,612,5947.8,21908.734264474522,23069.068955147013,334.3343326832901,1160.334690672491,0.09497017112858555,95,100
FRA,BUD,A319,160,138,68,50.033333,8.570556,47.42976,19.261093,DE,2.5,28.1,HU,2,15,97.79,42.73,835.8358317082251,451.3152439029293,4115.797678050867,1.345042656795506,138,22,70.26,9137.070845272925,4842.153564463822,1369.7098547377745,612,5947.8,21908.734264474522,23069.068955147013,3677.677659516191,1160.334690672491,0.09497017112858555,95,100
FRA,BUD,A319,180,138,68,50.033333,8.570556,47.42976,19.261093,DE,2.5,28.1,HU,2,15,97.79,42.73,835.8358317082251,451.3152439029293,4115.797678050867,1.345042656795506,138,42,70.26,9137.070845272925,4842.153564463822,1369.7098547377745,612,5947.8,21908.734264474522,23069.068955147013,7021.020986349091,1160.334690672491,0.09497017112858555,95,100
FRA,BUD,A319,200,138,68,50.033333,8.570556,47.42976,19.261093,DE,2.5,28.1,HU,2,15,97.79,42.73,835.8358317082251,451.3152439029293,4115.797678050867,1.345042656795506,138,62,70.26,9137.070845272925,4842.153564463822,1369.7098547377745,612,5947.8,21908.734264474522,23069.068955147013,10364.364313181992,1160.334690672491,0.09497017112858555,95,100
FRA,BUD,A319,220,138,68,50.033333,8.570556,47.42976,19.261093,DE,2.5,28.1,HU,2,15,97.79,42.73,835.8358317082251,451.3152439029293,4115.797678050867,1.345042656795506,138,82,70.26,9137.070845272925,4842.153564463822,1369.7098547377745,612,5947.8,21908.734264474522,23069.068955147013,13707.707640014893,1160.334690672491,0.09497017112858555,95,100
FRA,BUD,A320neo,100,180,73.5,50.033333,8.570556,47.42976,19.261093,DE,2.5,28.1,HU,2,15,97.79,42.73,835.8358317082251,451.3152439029293,3400.3971804903385,1.345042656795506,100,0,70.26,7548.881740688552,4842.153564463822,1424.025589622522,666,4310,18791.0608947749,16716.716634164502,0,-2074.3442606103963,0.0624493344197714,62.4,55.6
FRA,BUD,A320neo,120,180,73.5,50.033333,8.570556,47.42976,19.261093,DE,2.5,28.1,HU,2,15,97.79,42.73,835.8358317082251,451.3152439029293,3400.3971804903385,1.345042656795506,120,0,70.26,7548.881740688552,4842.153564463822,1424.025589622522,666,5172,19653.0608947749,20060.0599609974,0,406.99906622250273,0.06531406497284047,65.3,66.7
FRA,BUD,A320neo,140,180,73.5,50.033333,8.570556,47.42976,19.261093,DE,2.5,28.1,HU,2,15,97.79,42.73,835.8358317082251,451.3152439029293,3400.3971804903385,1.345042656795506,140,0,70.26,7548.881740688552,4842.153564463822,1424.025589622522,666,6034,20515.0608947749,23403.403287830304,0,2888.3423930554054,0.06817879552590952,68.2,77.8
FRA,BUD,A320neo,160,180,73.5,50.033333,8.570556,47.42976,19.261093,DE,2.5,28.1,HU,2,15,97.79,42.73,835.8358317082251,451.3152439029293,3400.3971804903385,1.345042656795506,160,0,70.26,7548.881740688552,4842.153564463822,1424.025589622522,666,6896,21377.0608947749,26746.746614663207,0,5369.685719888308,0.07104352607897858,71,88.9
FRA,BUD,A320neo,180,180,73.5,50.033333,8.570556,47.42976,19.261093,DE,2.5,28.1,HU,2,15,97.79,42.73,835.8358317082251,451.3152439029293,3400.3971804903385,1.345042656795506,180,0,70.26,7548.881740688552,4842.153564463822,1424.025589622522,666,7758,22239.0608947749,30090.089941496106,0,7851.029046721207,0.07390825663204766,73.9,100
FRA,BUD,A320neo,200,180,73.5,50.033333,8.570556,47.42976,19.261093,DE,2.5,28.1,HU,2,15,97.79,42.73,835.8358317082251,451.3152439029293,3400.3971804903385,1.345042656795506,180,20,70.26,7548.881740688552,4842.153564463822,1424.025589622522,666,7758,22239.0608947749,30090.089941496106,3343.343326832901,7851.029046721207,0.07390825663204766,73.9,100
FRA,BUD,A320neo,220,180,73.5,50.033333,8.570556,47.42976,19.261093,DE,2.5,28.1,HU,2,15,97.79,42.73,835.8358317082251,451.3152439029293,3400.3971804903385,1.345042656795506,180,40,70.26,7548.881740688552,4842.153564463822,1424.025589622522,666,7758,22239.0608947749,30090.089941496106,6686.686653665802,7851.029046721207,0.07390825663204766,73.9,100
FRA,BUD,A321neo,100,215,89,50.033333,8.570556,47.42976,19.261093,DE,2.5,28.1,HU,2,15,97.79,42.73,835.8358317082251,451.3152439029293,3918.170626832016,1.345042656795506,100,0,70.26,8698.338791567076,4842.153564463822,1567.0004723748018,801,4310,20218.4928284057,16716.716634164502,0,-3501.776194241196,0.056254767958007226,56.3,46.5
FRA,BUD,A321neo,120,215,89,50.033333,8.570556,47.42976,19.261093,DE,2.5,28.1,HU,2,15,97.79,42.73,835.8358317082251,451.3152439029293,3918.170626832016,1.345042656795506,120,0,70.26,8698.338791567076,4842.153564463822,1567.0004723748018,801,5172,21080.4928284057,20060.0599609974,0,-1020.4328674082972,0.05865314702569296,58.7,55.8
FRA,BUD,A321neo,140,215,89,50.033333,8.570556,47.42976,19.261093,DE,2.5,28.1,HU,2,15,97.79,42.73,835.8358317082251,451.3152439029293,3918.170626832016,1.345042656795506,140,0,70.26,8698.338791567076,4842.153564463822,1567.0004723748018,801,6034,21942.4928284057,23403.403287830304,0,1460.9104594246055,0.06105152609337868,61.1,65.1
FRA,BUD,A321neo,160,215,89,50.033333,8.570556,47.42976,19.261093,DE,2.5,28.1,HU,2,15,97.79,42.73,835.8358317082251,451.3152439029293,3918.170626832016,1.345042656795506,160,0,70.26,8698.338791567076,4842.153564463822,1567.0004723748018,801,6896,22804.4928284057,26746.746614663207,0,3942.253786257508,0.06344990516106441,63.4,74.4
FRA,BUD,A321neo,180,215,89,50.033333,8.570556,47.42976,19.261093,DE,2.5,28.1,HU,2,15,97.79,42.73,835.8358317082251,451.3152439029293,3918.170626832016,1.345042656795506,180,0,70.26,8698.338791567076,4842.153564463822,1567.0004723748018,801,7758,23666.4928284057,30090.089941496106,0,6423.597113090407,0.06584828422875014,65.8,83.7
FRA,BUD,A321neo,200,215,89,50.033333,8.570556,47.42976,19.261093,DE,2.5,28.1,HU,2,15,97.79,42.73,835.8358317082251,451.3152439029293,3918.170626832016,1.345042656795506,200,0,70.26,8698.338791567076,4842.153564463822,1567.0004723748018,801,8620,24528.4928284057,33433.433268329005,0,8904.940439923306,0.06824666329643586,68.2,93
FRA,BUD,A321neo,220,215,89,50.033333,8.570556,47.42976,19.261093,DE,2.5,28.1,HU,2,15,97.79,42.73,835.8358317082251,451.3152439029293,3918.170626832016,1.345042656795506,215,5,70.26,8698.338791567076,4842.153564463822,1567.0004723748018,801,9266.5,25174.9928284057,35940.940763453684,835.8358317082252,10765.947935047985,0.07004544759720016,70,100
FRA,KRK,A319,100,138,68,50.033333,8.570556,50.077702,19.7848,DE,2.5,28.1,PL,2,15,97.79,98.29,800.7680447410195,432.38015374785067,4035.2099343508526,1.3032952913583564,100,0,98.04,8958.166054258894,4691.8630488900835,1831.0891379348222,612,4310,20403.1182410838,16015.360894820391,0,-4387.75734626341,0.09231679752794135,92.3,72.5
FRA,KRK,A319,120,138,68,50.033333,8.570556,50.077702,19.7848,DE,2.5,28.1,PL,2,15,97.79,98.29,800.7680447410195,432.38015374785067,4035.2099343508526,1.3032952913583564,120,0,98.04,8958.166054258894,4691.8630488900835,1831.0891379348222,612,5172,21265.1182410838,19218.43307378447,0,-2046.6851672993325,0.09621703858564638,96.2,87
FRA,KRK,A319,140,138,68,50.033333,8.570556,50.077702,19.7848,DE,2.5,28.1,PL,2,15,97.79,98.29,800.7680447410195,432.38015374785067,4035.2099343508526,1.3032952913583564,138,2,98.04,8958.166054258894,4691.8630488900835,1831.0891379348222,612,5947.8,22040.9182410838,22101.19803485214,320.3072178964078,60.279793768339005,0.0997272555375809,99.7,100
FRA,KRK,A319,160,138,68,50.033333,8.570556,50.077702,19.7848,DE,2.5,28.1,PL,2,15,97.79,98.29,800.7680447410195,432.38015374785067,4035.2099343508526,1.3032952913583564,138,22,98.04,8958.166054258894,4691.8630488900835,1831.0891379348222,612,5947.8,22040.9182410838,22101.19803485214,3523.379396860486,60.279793768339005,0.0997272555375809,99.7,100
FRA,KRK,A319,180,138,68,50.033333,8.570556,50.077702,19.7848,DE,2.5,28.1,PL,2,15,97.79,98.29,800.7680447410195,432.38015374785067,4035.2099343508526,1.3032952913583564,138,42,98.04,8958.166054258894,4691.8630488900835,1831.0891379348222,612,5947.8,22040.9182410838,22101.19803485214,6726.451575824563,60.279793768339005,0.0997272555375809,99.7,100
FRA,KRK,A319,200,138,68,50.033333,8.570556,50.077702,19.7848,DE,2.5,28.1,PL,2,15,97.79,98.29,800.7680447410195,432.38015374785067,4035.2099343508526,1.3032952913583564,138,62,98.04,8958.166054258894,4691.8630488900835,1831.0891379348222,612,5947.8,22040.9182410838,22101.19803485214,9929.523754788643,60.279793768339005,0.0997272555375809,99.7,100
FRA,KRK,A319,220,138,68,50.033333,8.570556,50.077702,19.7848,DE,2.5,28.1,PL,2,15,97.79,98.29,800.7680447410195,432.38015374785067,4035.2099343508526,1.3032952913583564,138,82,98.04,8958.166054258894,4691.8630488900835,1831.0891379348222,612,5947.8,22040.9182410838,22101.19803485214,13132.59593375272,60.279793768339005,0.0997272555375809,99.7,100
FRA,KRK,A320neo,100,180,73.5,50.033333,8.570556,50.077702,19.7848,DE,2.5,28.1,PL,2,15,97.79,98.29,800.7680447410195,432.38015374785067,3302.540634568892,1.3032952913583564,100,0,98.04,7331.6402087429415,4691.8630488900835,1903.7008314423128,666,4310,18903.204089075338,16015.360894820391,0,-2887.843194254947,0.0655731713974846,65.6,55.6
FRA,KRK,A320neo,120,180,73.5,50.033333,8.570556,50.077702,19.7848,DE,2.5,28.1,PL,2,15,97.79,98.29,800.7680447410195,432.38015374785067,3302.540634568892,1.3032952913583564,120,0,98.04,7331.6402087429415,4691.8630488900835,1903.7008314423128,666,5172,19765.204089075338,19218.43307378447,0,-546.7710152908694,0.0685633562083918,68.6,66.7
FRA,KRK,A320neo,140,180,73.5,50.033333,8.570556,50.077702,19.7848,DE,2.5,28.1,PL,2,15,97.79,98.29,800.7680447410195,432.38015374785067,3302.540634568892,1.3032952913583564,140,0,98.04,7331.6402087429415,4691.8630488900835,1903.7008314423128,666,6034,20627.204089075338,22421.505252748546,0,1794.301163673208,0.07155354101929898,71.6,77.8
FRA,KRK,A320neo,160,180,73.5,50.033333,8.570556,50.077702,19.7848,DE,2.5,28.1,PL,2,15,97.79,98.29,800.7680447410195,432.38015374785067,3302.540634568892,1.3032952913583564,160,0,98.04,7331.6402087429415,4691.8630488900835,1903.7008314423128,666,6896,21489.204089075338,25624.577431712623,0,4135.3733426372855,0.07454372583020617,74.5,88.9
FRA,KRK,A320neo,180,180,73.5,50.033333,8.570556,50.077702,19.7848,DE,2.5,28.1,PL,2,15,97.79,98.29,800.7680447410195,432.38015374785067,3302.540634568892,1.3032952913583564,180,0,98.04,7331.6402087429415,4691.8630488900835,1903.7008314423128,666,7758,22351.204089075338,28827.649610676704,0,6476.445521601367,0.07753391064111335,77.5,100
FRA,KRK,A320neo,200,180,73.5,50.033333,8.570556,50.077702,19.7848,DE,2.5,28.1,PL,2,15,97.79,98.29,800.7680447410195,432.38015374785067,3302.540634568892,1.3032952913583564,180,20,98.04,7331.6402087429415,4691.8630488900835,1903.7008314423128,666,7758,22351.204089075338,28827.649610676704,3203.072178964078,6476.445521601367,0.07753391064111335,77.5,100
FRA,KRK,A320neo,220,180,73.5,50.033333,8.570556,50.077702,19.7848,DE,2.5,28.1,PL,2,15,97.79,98.29,800.7680447410195,432.38015374785067,3302.540634568892,1.3032952913583564,180,40,98.04,7331.6402087429415,4691.8630488900835,1903.7008314423128,666,7758,22351.204089075338,28827.649610676704,6406.144357928156,6476.445521601367,0.07753391064111335,77.5,100
FRA,KRK,A321neo,100,215,89,50.033333,8.570556,50.077702,19.7848,DE,2.5,28.1,PL,2,15,97.79,98.29,800.7680447410195,432.38015374785067,3812.0583816029553,1.3032952913583564,100,0,98.04,8462.769607158561,4691.8630488900835,2094.8360225192037,801,4310,20360.46867856785,16015.360894820391,0,-4345.107783747459,0.059130640227750095,59.1,46.5
FRA,KRK,A321neo,120,215,89,50.033333,8.570556,50.077702,19.7848,DE,2.5,28.1,PL,2,15,97.79,98.29,800.7680447410195,432.38015374785067,3812.0583816029553,1.3032952913583564,120,0,98.04,8462.769607158561,4691.8630488900835,2094.8360225192037,801,5172,21222.46867856785,19218.43307378447,0,-2004.0356047833811,0.06163405076711425,61.6,55.8
FRA,KRK,A321neo,140,215,89,50.033333,8.570556,50.077702,19.7848,DE,2.5,28.1,PL,2,15,97.79,98.29,800.7680447410195,432.38015374785067,3812.0583816029553,1.3032952913583564,140,0,98.04,8462.769607158561,4691.8630488900835,2094.8360225192037,801,6034,22084.46867856785,22421.505252748546,0,337.03657418069633,0.0641374613064784,64.1,65.1
FRA,KRK,A321neo,160,215,89,50.033333,8.570556,50.077702,19.7848,DE,2.5,28.1,PL,2,15,97.79,98.29,800.7680447410195,432.38015374785067,3812.0583816029553,1.3032952913583564,160,0,98.04,8462.769607158561,4691.8630488900835,2094.8360225192037,801,6896,22946.46867856785,25624.577431712623,0,2678.108753144774,0.06664087184584257,66.6,74.4
FRA,KRK,A321neo,180,215,89,50.033333,8.570556,50.077702,19.7848,DE,2.5,28.1,PL,2,15,97.79,98.29,800.7680447410195,432.38015374785067,3812.0583816029553,1.3032952913583564,180,0,98.04,8462.769607158561,4691.8630488900835,2094.8360225192037,801,7758,23808.46867856785,28827.649610676704,0,5019.180932108855,0.06914428238520673,69.1,83.7
FRA,KRK,A321neo,200,215,89,50.033333,8.570556,50.077702,19.7848,DE,2.5,28.1,PL,2,15,97.79,98.29,800.7680447410195,432.38015374785067,3812.0583816029553,1.3032952913583564,200,0,98.04,8462.769607158561,4691.8630488900835,2094.8360225192037,801,8620,24670.46867856785,32030.721789640782,0,7360.253111072932,0.07164769292457088,71.6,93
FRA,KRK,A321neo,220,215,89,50.033333,8.570556,50.077702,19.7848,DE,2.5,28.1,PL,2,15,97.79,98.29,800.7680447410195,432.38015374785067,3812.0583816029553,1.3032952913583564,215,5,98.04,8462.769607158561,4691.8630488900835,2094.8360225192037,801,9266.5,25316.96867856785,34433.02592386384,800.7680447410195,9116.05724529599,0.073525250829094,73.5,100
FRA,POZ,A319,100,138,68,50.033333,8.570556,52.421001434299995,16.8262996674,DE,2.5,28.1,PL,2,15,97.79,98.29,633.447952643819,342.034531665129,3650.698966766789,1.104104705528356,100,0,98.04,8104.5517062222725,3974.7769399020813,1448.483956310067,612,4310,18449.81260243442,12668.95905287638,0,-5780.85354955804,0.1055290285985928,105.5,72.5
FRA,POZ,A319,120,138,68,50.033333,8.570556,52.421001434299995,16.8262996674,DE,2.5,28.1,PL,2,15,97.79,98.29,633.447952643819,342.034531665129,3650.698966766789,1.104104705528356,120,0,98.04,8104.5517062222725,3974.7769399020813,1448.483956310067,612,5172,19311.81260243442,15202.750863451656,0,-4109.061738982764,0.11045948640931247,110.5,87
FRA,POZ,A319,140,138,68,50.033333,8.570556,52.421001434299995,16.8262996674,DE,2.5,28.1,PL,2,15,97.79,98.29,633.447952643819,342.034531665129,3650.698966766789,1.104104705528356,138,2,98.04,8104.5517062222725,3974.7769399020813,1448.483956310067,612,5947.8,20087.61260243442,17483.16349296941,253.3791810575276,-2604.449109465011,0.11489689843896017,114.9,100
FRA,POZ,A319,160,138,68,50.033333,8.570556,52.421001434299995,16.8262996674,DE,2.5,28.1,PL,2,15,97.79,98.29,633.447952643819,342.034531665129,3650.698966766789,1.104104705528356,138,22,98.04,8104.5517062222725,3974.7769399020813,1448.483956310067,612,5947.8,20087.61260243442,17483.16349296941,2787.1709916328036,-2604.449109465011,0.11489689843896017,114.9,100
FRA,POZ,A319,180,138,68,50.033333,8.570556,52.421001434299995,16.8262996674,DE,2.5,28.1,PL,2,15,97.79,98.29,633.447952643819,342.034531665129,3650.698966766789,1.104104705528356,138,42,98.04,8104.5517062222725,3974.7769399020813,1448.483956310067,612,5947.8,20087.61260243442,17483.16349296941,5320.96280220808,-2604.449109465011,0.11489689843896017,114.9,100
FRA,POZ,A319,200,138,68,50.033333,8.570556,52.421001434299995,16.8262996674,DE,2.5,28.1,PL,2,15,97.79,98.29,633.447952643819,342.034531665129,3650.698966766789,1.104104705528356,138,62,98.04,8104.5517062222725,3974.7769399020813,1448.483956310067,612,5947.8,20087.61260243442,17483.16349296941,7854.754612783356,-2604.449109465011,0.11489689843896017,114.9,100
FRA,POZ,A319,220,138,68,50.033333,8.570556,52.421001434299995,16.8262996674,DE,2.5,28.1,PL,2,15,97.79,98.29,633.447952643819,342.034531665129,3650.698966766789,1.104104705528356,138,82,98.04,8104.5517062222725,3974.7769399020813,1448.483956310067,612,5947.8,20087.61260243442,17483.16349296941,10388.546423358632,-2604.449109465011,0.11489689843896017,114.9,100
FRA,POZ,A320neo,100,180,73.5,50.033333,8.570556,52.421001434299995,16.8262996674,DE,2.5,28.1,PL,2,15,97.79,98.29,633.447952643819,342.034531665129,2835.634459645387,1.104104705528356,100,0,98.04,6295.108500412759,3974.7769399020813,1505.9234719006226,666,4310,16751.808912215463,12668.95905287638,0,-4082.849859339083,0.07345955155386971,73.5,55.6
FRA,POZ,A320neo,120,180,73.5,50.033333,8.570556,52.421001434299995,16.8262996674,DE,2.5,28.1,PL,2,15,97.79,98.29,633.447952643819,342.034531665129,2835.634459645387,1.104104705528356,120,0,98.04,6295.108500412759,3974.7769399020813,1505.9234719006226,666,5172,17613.808912215463,15202.750863451656,0,-2411.058048763807,0.0772395692087548,77.2,66.7
FRA,POZ,A320neo,140,180,73.5,50.033333,8.570556,52.421001434299995,16.8262996674,DE,2.5,28.1,PL,2,15,97.79,98.29,633.447952643819,342.034531665129,2835.634459645387,1.104104705528356,140,0,98.04,6295.108500412759,3974.7769399020813,1505.9234719006226,666,6034,18475.808912215463,17736.542674026932,0,-739.2662381885311,0.08101958686363987,81,77.8
FRA,POZ,A320neo,160,180,73.5,50.033333,8.570556,52.421001434299995,16.8262996674,DE,2.5,28.1,PL,2,15,97.79,98.29,633.447952643819,342.034531665129,2835.634459645387,1.104104705528356,160,0,98.04,6295.108500412759,3974.7769399020813,1505.9234719006226,666,6896,19337.808912215463,20270.33448460221,0,932.5255723867449,0.08479960451852496,84.8,88.9
FRA,POZ,A320neo,180,180,73.5,50.033333,8.570556,52.421001434299995,16.8262996674,DE,2.5,28.1,PL,2,15,97.79,98.29,633.447952643819,342.034531665129,2835.634459645387,1.104104705528356,180,0,98.04,6295.108500412759,3974.7769399020813,1505.9234719006226,666,7758,20199.808912215463,22804.126295177484,0,2604.317382962021,0.08857962217341003,88.6,100
FRA,POZ,A320neo,200,180,73.5,50.033333,8.570556,52.421001434299995,16.8262996674,DE,2.5,28.1,PL,2,15,97.79,98.29,633.447952643819,342.034531665129,2835.634459645387,1.104104705528356,180,20,98.04,6295.108500412759,3974.7769399020813,1505.9234719006226,666,7758,20199.808912215463,22804.126295177484,2533.791810575276,2604.317382962021,0.08857962217341003,88.6,100
FRA,POZ,A320neo,220,180,73.5,50.033333,8.570556,52.421001434299995,16.8262996674,DE,2.5,28.1,PL,2,15,97.79,98.29,633.447952643819,342.034531665129,2835.634459645387,1.104104705528356,180,40,98.04,6295.108500412759,3974.7769399020813,1505.9234719006226,666,7758,20199.808912215463,22804.126295177484,5067.583621150552,2604.317382962021,0.08857962217341003,88.6,100
FRA,POZ,A321neo,100,215,89,50.033333,8.570556,52.421001434299995,16.8262996674,DE,2.5,28.1,PL,2,15,97.79,98.29,633.447952643819,342.034531665129,3305.761515451383,1.104104705528356,100,0,98.04,7338.79056430207,3974.7769399020813,1657.1210580942607,801,4310,18081.688562298412,12668.95905287638,0,-5412.729509422032,0.06638341530897261,66.4,46.5
FRA,POZ,A321neo,120,215,89,50.033333,8.570556,52.421001434299995,16.8262996674,DE,2.5,28.1,PL,2,15,97.79,98.29,633.447952643819,342.034531665129,3305.761515451383,1.104104705528356,120,0,98.04,7338.79056430207,3974.7769399020813,1657.1210580942607,801,5172,18943.688562298412,15202.750863451656,0,-3740.9376988467557,0.06954808125259733,69.5,55.8
FRA,POZ,A321neo,140,215,89,50.033333,8.570556,52.421001434299995,16.8262996674,DE,2.5,28.1,PL,2,15,97.79,98.29,633.447952643819,342.034531665129,3305.761515451383,1.104104705528356,140,0,98.04,7338.79056430207,3974.7769399020813,1657.1210580942607,801,6034,19805.688562298412,17736.542674026932,0,-2069.1458882714796,0.07271274719622205,72.7,65.1
FRA,POZ,A321neo,160,215,89,50.033333,8.570556,52.421001434299995,16.8262996674,DE,2.5,28.1,PL,2,15,97.79,98.29,633.447952643819,342.034531665129,3305.761515451383,1.104104705528356,160,0,98.04,7338.79056430207,3974.7769399020813,1657.1210580942607,801,6896,20667.688562298412,20270.33448460221,0,-397.3540776962036,0.07587741313984676,75.9,74.4
FRA,POZ,A321neo,180,215,89,50.033333,8.570556,52.421001434299995,16.8262996674,DE,2.5,28.1,PL,2,15,97.79,98.29,633.447952643819,342.034531665129,3305.761515451383,1.104104705528356,180,0,98.04,7338.79056430207,3974.7769399020813,1657.1210580942607,801,7758,21529.688562298412,22804.126295177484,0,1274.4377328790724,0.07904207908347148,79,83.7
FRA,POZ,A321neo,200,215,89,50.033333,8.570556,52.421001434299995,16.8262996674,DE,2.5,28.1,PL,2,15,97.79,98.29,633.447952643819,342.034531665129,3305.761515451383,1.104104705528356,200,0,98.04,7338.79056430207,3974.7769399020813,1657.1210580942607,801,8620,22391.688562298412,25337.91810575276,0,2946.2295434543485,0.08220674502709621,82.2,93
FRA,POZ,A321neo,220,215,89,50.033333,8.570556,52.421001434299995,16.8262996674,DE,2.5,28.1,PL,2,15,97.79,98.29,633.447952643819,342.034531665129,3305.761515451383,1.104104705528356,215,5,98.04,7338.79056430207,3974.7769399020813,1657.1210580942607,801,9266.5,23038.188562298412,27238.261963684217,633.447952643819,4200.0734013858055,0.08458024448481474,84.6,100
FRA,PRG,A319,100,138,68,50.033333,8.570556,50.1008,14.26,DE,2.5,28.1,CZ,2,15,97.79,79.34,406.50980027615043,219.49773233053477,2853.1978309254346,0.8339402384239886,100,0,88.565,6334.099184654466,3002.184858326359,839.7163260919153,612,4310,15098.000369072739,8130.196005523008,0,-6967.804363549731,0.1345672351583748,134.6,72.5
FRA,PRG,A319,120,138,68,50.033333,8.570556,50.1008,14.26,DE,2.5,28.1,CZ,2,15,97.79,79.34,406.50980027615043,219.49773233053477,2853.1978309254346,0.8339402384239886,120,0,88.565,6334.099184654466,3002.184858326359,839.7163260919153,612,5172,15960.000369072739,9756.23520662761,0,-6203.765162445128,0.14225017024056827,142.3,87
FRA,PRG,A319,140,138,68,50.033333,8.570556,50.1008,14.26,DE,2.5,28.1,CZ,2,15,97.79,79.34,406.50980027615043,219.49773233053477,2853.1978309254346,0.8339402384239886,138,2,88.565,6334.099184654466,3002.184858326359,839.7163260919153,612,5947.8,16735.80036907274,11219.670487621754,162.6039201104602,-5516.129881450985,0.1491648118145424,149.2,100
FRA,PRG,A319,160,138,68,50.033333,8.570556,50.1008,14.26,DE,2.5,28.1,CZ,2,15,97.79,79.34,406.50980027615043,219.49773233053477,2853.1978309254346,0.8339402384239886,138,22,88.565,6334.099184654466,3002.184858326359,839.7163260919153,612,5947.8,16735.80036907274,11219.670487621754,1788.643121215062,-5516.129881450985,0.1491648118145424,149.2,100
FRA,PRG,A319,180,138,68,50.033333,8.570556,50.1008,14.26,DE,2.5,28.1,CZ,2,15,97.79,79.34,406.50980027615043,219.49773233053477,2853.1978309254346,0.8339402384239886,138,42,88.565,6334.099184654466,3002.184858326359,839.7163260919153,612,5947.8,16735.80036907274,11219.670487621754,3414.6823223196643,-5516.129881450985,0.1491648118145424,149.2,100
FRA,PRG,A319,200,138,68,50.033333,8.570556,50.1008,14.26,DE,2.5,28.1,CZ,2,15,97.79,79.34,406.50980027615043,219.49773233053477,2853.1978309254346,0.8339402384239886,138,62,88.565,6334.099184654466,3002.184858326359,839.7163260919153,612,5947.8,16735.80036907274,11219.670487621754,5040.721523424266,-5516.129881450985,0.1491648118145424,149.2,100
FRA,PRG,A319,220,138,68,50.033333,8.570556,50.1008,14.26,DE,2.5,28.1,CZ,2,15,97.79,79.34,406.50980027615043,219.49773233053477,2853.1978309254346,0.8339402384239886,138,82,88.565,6334.099184654466,3002.184858326359,839.7163260919153,612,5947.8,16735.80036907274,11219.670487621754,6666.760724528867,-5516.129881450985,0.1491648118145424,149.2,100
FRA,PRG,A320neo,100,180,73.5,50.033333,8.570556,50.1008,14.26,DE,2.5,28.1,CZ,2,15,97.79,79.34,406.50980027615043,219.49773233053477,2202.3642806842035,0.8339402384239886,100,0,88.565,4889.248703118932,3002.184858326359,873.0152099311753,666,4310,13740.448771376467,8130.196005523008,0,-5610.252765853458,0.09389174191592742,93.9,55.6
FRA,PRG,A320neo,120,180,73.5,50.033333,8.570556,50.1008,14.26,DE,2.5,28.1,CZ,2,15,97.79,79.34,406.50980027615043,219.49773233053477,2202.3642806842035,0.8339402384239886,120,0,88.565,4889.248703118932,3002.184858326359,873.0152099311753,666,5172,14602.448771376467,9756.23520662761,0,-4846.213564748856,0.09978199214560908,99.8,66.7
FRA,PRG,A320neo,140,180,73.5,50.033333,8.570556,50.1008,14.26,DE,2.5,28.1,CZ,2,15,97.79,79.34,406.50980027615043,219.49773233053477,2202.3642806842035,0.8339402384239886,140,0,88.565,4889.248703118932,3002.184858326359,873.0152099311753,666,6034,15464.448771376467,11382.274407732213,0,-4082.1743636442534,0.10567224237529076,105.7,77.8
FRA,PRG,A320neo,160,180,73.5,50.033333,8.570556,50.1008,14.26,DE,2.5,28.1,CZ,2,15,97.79,79.34,406.50980027615043,219.49773233053477,2202.3642806842035,0.8339402384239886,160,0,88.565,4889.248703118932,3002.184858326359,873.0152099311753,666,6896,16326.448771376467,13008.313608836814,0,-3318.135162539653,0.11156249260497242,111.6,88.9
FRA,PRG,A320neo,180,180,73.5,50.033333,8.570556,50.1008,14.26,DE,2.5,28.1,CZ,2,15,97.79,79.34,406.50980027615043,219.49773233053477,2202.3642806842035,0.8339402384239886,180,0,88.565,4889.248703118932,3002.184858326359,873.0152099311753,666,7758,17188.44877137647,14634.352809941418,0,-2554.0959614350504,0.11745274283465411,117.5,100
FRA,PRG,A320neo,200,180,73.5,50.033333,8.570556,50.1008,14.26,DE,2.5,28.1,CZ,2,15,97.79,79.34,406.50980027615043,219.49773233053477,2202.3642806842035,0.8339402384239886,180,20,88.565,4889.248703118932,3002.184858326359,873.0152099311753,666,7758,17188.44877137647,14634.352809941418,1626.0392011046017,-2554.0959614350504,0.11745274283465411,117.5,100
FRA,PRG,A320neo,220,180,73.5,50.033333,8.570556,50.1008,14.26,DE,2.5,28.1,CZ,2,15,97.79,79.34,406.50980027615043,219.49773233053477,2202.3642806842035,0.8339402384239886,180,40,88.565,4889.248703118932,3002.184858326359,873.0152099311753,666,7758,17188.44877137647,14634.352809941418,3252.0784022092034,-2554.0959614350504,0.11745274283465411,117.5,100
FRA,PRG,A321neo,100,215,89,50.033333,8.570556,50.1008,14.26,DE,2.5,28.1,CZ,2,15,97.79,79.34,406.50980027615043,219.49773233053477,2619.187301050995,0.8339402384239886,100,0,88.565,5814.595808333209,3002.184858326359,960.6676005837573,801,4310,14888.448267243326,8130.196005523008,0,-6758.252261720318,0.08517457210722526,85.2,46.5
FRA,PRG,A321neo,120,215,89,50.033333,8.570556,50.1008,14.26,DE,2.5,28.1,CZ,2,15,97.79,79.34,406.50980027615043,219.49773233053477,2619.187301050995,0.8339402384239886,120,0,88.565,5814.595808333209,3002.184858326359,960.6676005837573,801,5172,15750.448267243326,9756.23520662761,0,-5994.213060615715,0.09010594439254015,90.1,55.8
FRA,PRG,A321neo,140,215,89,50.033333,8.570556,50.1008,14.26,DE,2.5,28.1,CZ,2,15,97.79,79.34,406.50980027615043,219.49773233053477,2619.187301050995,0.8339402384239886,140,0,88.565,5814.595808333209,3002.184858326359,960.6676005837573,801,6034,16612.448267243326,11382.274407732213,0,-5230.173859511113,0.09503731667785503,95,65.1
FRA,PRG,A321neo,160,215,89,50.033333,8.570556,50.1008,14.26,DE,2.5,28.1,CZ,2,15,97.79,79.34,406.50980027615043,219.49773233053477,2619.187301050995,0.8339402384239886,160,0,88.565,5814.595808333209,3002.184858326359,960.6676005837573,801,6896,17474.448267243326,13008.313608836814,0,-4466.134658406512,0.09996868896316992,100,74.4
FRA,PRG,A321neo,180,215,89,50.033333,8.570556,50.1008,14.26,DE,2.5,28.1,CZ,2,15,97.79,79.34,406.50980027615043,219.49773233053477,2619.187301050995,0.8339402384239886,180,0,88.565,5814.595808333209,3002.184858326359,960.6676005837573,801,7758,18336.448267243326,14634.352809941418,0,-3702.095457301908,0.1049000612484848,104.9,83.7
FRA,PRG,A321neo,200,215,89,50.033333,8.570556,50.1008,14.26,DE,2.5,28.1,CZ,2,15,97.79,79.34,406.50980027615043,219.49773233053477,2619.187301050995,0.8339402384239886,200,0,88.565,5814.595808333209,3002.184858326359,960.6676005837573,801,8620,19198.448267243326,16260.392011046017,0,-2938.0562561973093,0.10983143353379968,109.8,93
FRA,PRG,A321neo,220,215,89,50.033333,8.570556,50.1008,14.26,DE,2.5,28.1,CZ,2,15,97.79,79.34,406.50980027615043,219.49773233053477,2619.187301050995,0.8339402384239886,215,5,88.565,5814.595808333209,3002.184858326359,960.6676005837573,801,9266.5,19844.948267243326,17479.921411874468,406.50980027615043,-2365.0268553688584,0.11352996274778585,113.5,100
FRA,WAW,A319,100,138,68,50.033333,8.570556,52.1656990051,20.967100143399996,DE,2.5,28.1,PL,2,15,97.79,98.29,897.246956676412,484.47459863737146,4256.923891800653,1.4181511389004906,100,0,98.04,9450.37103979745,5105.344100041766,2051.7041947479383,612,4310,21529.419334587154,17944.939133528238,0,-3584.4802010589156,0.08693831941828734,86.9,72.5
FRA,WAW,A319,120,138,68,50.033333,8.570556,52.1656990051,20.967100143399996,DE,2.5,28.1,PL,2,15,97.79,98.29,897.246956676412,484.47459863737146,4256.923891800653,1.4181511389004906,120,0,98.04,9450.37103979745,5105.344100041766,2051.7041947479383,612,5172,22391.419334587154,21533.92696023389,0,-857.4923743532636,0.09041917648061278,90.4,87
FRA,WAW,A319,140,138,68,50.033333,8.570556,52.1656990051,20.967100143399996,DE,2.5,28.1,PL,2,15,97.79,98.29,897.246956676412,484.47459863737146,4256.923891800653,1.4181511389004906,138,2,98.04,9450.37103979745,5105.344100041766,2051.7041947479383,612,5947.8,23167.219334587153,24764.01600426897,358.8987826705648,1596.7966696818185,0.09355194783670567,93.6,100
FRA,WAW,A319,160,138,68,50.033333,8.570556,52.1656990051,20.967100143399996,DE,2.5,28.1,PL,2,15,97.79,98.29,897.246956676412,484.47459863737146,4256.923891800653,1.4181511389004906,138,22,98.04,9450.37103979745,5105.344100041766,2051.7041947479383,612,5947.8,23167.219334587153,24764.01600426897,3947.8866093762126,1596.7966696818185,0.09355194783670567,93.6,100
FRA,WAW,A319,180,138,68,50.033333,8.570556,52.1656990051,20.967100143399996,DE,2.5,28.1,PL,2,15,97.79,98.29,897.246956676412,484.47459863737146,4256.923891800653,1.4181511389004906,138,42,98.04,9450.37103979745,5105.344100041766,2051.7041947479383,612,5947.8,23167.219334587153,24764.01600426897,7536.87443608186,1596.7966696818185,0.09355194783670567,93.6,100
FRA,WAW,A319,200,138,68,50.033333,8.570556,52.1656990051,20.967100143399996,DE,2.5,28.1,PL,2,15,97.79,98.29,897.246956676412,484.47459863737146,4256.923891800653,1.4181511389004906,138,62,98.04,9450.37103979745,5105.344100041766,2051.7041947479383,612,5947.8,23167.219334587153,24764.01600426897,11125.862262787508,1596.7966696818185,0.09355194783670567,93.6,100
FRA,WAW,A319,220,138,68,50.033333,8.570556,52.1656990051,20.967100143399996,DE,2.5,28.1,PL,2,15,97.79,98.29,897.246956676412,484.47459863737146,4256.923891800653,1.4181511389004906,138,82,98.04,9450.37103979745,5105.344100041766,2051.7041947479383,612,5947.8,23167.219334587153,24764.01600426897,14714.850089493157,1596.7966696818185,0.09355194783670567,93.6,100
FRA,WAW,A320neo,100,180,73.5,50.033333,8.570556,52.1656990051,20.967100143399996,DE,2.5,28.1,PL,2,15,97.79,98.29,897.246956676412,484.47459863737146,3571.7647257579356,1.4181511389004906,100,0,98.04,7929.317691182618,5105.344100041766,2133.0643607118373,666,4310,20143.726151936222,17944.939133528238,0,-2198.787018407984,0.06236275804574208,62.4,55.6
FRA,WAW,A320neo,120,180,73.5,50.033333,8.570556,52.1656990051,20.967100143399996,DE,2.5,28.1,PL,2,15,97.79,98.29,897.246956676412,484.47459863737146,3571.7647257579356,1.4181511389004906,120,0,98.04,7929.317691182618,5105.344100041766,2133.0643607118373,666,5172,21005.726151936222,21533.92696023389,0,528.2008082976681,0.06503141512685826,65,66.7
FRA,WAW,A320neo,140,180,73.5,50.033333,8.570556,52.1656990051,20.967100143399996,DE,2.5,28.1,PL,2,15,97.79,98.29,897.246956676412,484.47459863737146,3571.7647257579356,1.4181511389004906,140,0,98.04,7929.317691182618,5105.344100041766,2133.0643607118373,666,6034,21867.726151936222,25122.91478693954,0,3255.1886350033164,0.06770007220797443,67.7,77.8
FRA,WAW,A320neo,160,180,73.5,50.033333,8.570556,52.1656990051,20.967100143399996,DE,2.5,28.1,PL,2,15,97.79,98.29,897.246956676412,484.47459863737146,3571.7647257579356,1.4181511389004906,160,0,98.04,7929.317691182618,5105.344100041766,2133.0643607118373,666,6896,22729.726151936222,28711.902613645183,0,5982.176461708961,0.0703687292890906,70.4,88.9
FRA,WAW,A320neo,180,180,73.5,50.033333,8.570556,52.1656990051,20.967100143399996,DE,2.5,28.1,PL,2,15,97.79,98.29,897.246956676412,484.47459863737146,3571.7647257579356,1.4181511389004906,180,0,98.04,7929.317691182618,5105.344100041766,2133.0643607118373,666,7758,23591.726151936222,32300.89044035083,0,8709.16428841461,0.07303738637020678,73,100
FRA,WAW,A320neo,200,180,73.5,50.033333,8.570556,52.1656990051,20.967100143399996,DE,2.5,28.1,PL,2,15,97.79,98.29,897.246956676412,484.47459863737146,3571.7647257579356,1.4181511389004906,180,20,98.04,7929.317691182618,5105.344100041766,2133.0643607118373,666,7758,23591.726151936222,32300.89044035083,3588.987826705648,8709.16428841461,0.07303738637020678,73,100
FRA,WAW,A320neo,220,180,73.5,50.033333,8.570556,52.1656990051,20.967100143399996,DE,2.5,28.1,PL,2,15,97.79,98.29,897.246956676412,484.47459863737146,3571.7647257579356,1.4181511389004906,180,40,98.04,7929.317691182618,5105.344100041766,2133.0643607118373,666,7758,23591.726151936222,32300.89044035083,7177.975653411296,8709.16428841461,0.07303738637020678,73,100
FRA,WAW,A321neo,100,215,89,50.033333,8.570556,52.1656990051,20.967100143399996,DE,2.5,28.1,PL,2,15,97.79,98.29,897.246956676412,484.47459863737146,4103.99565076383,1.4181511389004906,100,0,98.04,9110.870344695702,5105.344100041766,2347.228087191418,801,4310,21674.442531928886,17944.939133528238,0,-3729.5033984006477,0.05617815689620661,56.2,46.5
FRA,WAW,A321neo,120,215,89,50.033333,8.570556,52.1656990051,20.967100143399996,DE,2.5,28.1,PL,2,15,97.79,98.29,897.246956676412,484.47459863737146,4103.99565076383,1.4181511389004906,120,0,98.04,9110.870344695702,5105.344100041766,2347.228087191418,801,5172,22536.442531928886,21533.92696023389,0,-1002.5155716949957,0.058412381429234106,58.4,55.8
FRA,WAW,A321neo,140,215,89,50.033333,8.570556,52.1656990051,20.967100143399996,DE,2.5,28.1,PL,2,15,97.79,98.29,897.246956676412,484.47459863737146,4103.99565076383,1.4181511389004906,140,0,98.04,9110.870344695702,5105.344100041766,2347.228087191418,801,6034,23398.442531928886,25122.91478693954,0,1724.4722550106526,0.060646605962261596,60.6,65.1
FRA,WAW,A321neo,160,215,89,50.033333,8.570556,52.1656990051,20.967100143399996,DE,2.5,28.1,PL,2,15,97.79,98.29,897.246956676412,484.47459863737146,4103.99565076383,1.4181511389004906,160,0,98.04,9110.870344695702,5105.344100041766,2347.228087191418,801,6896,24260.442531928886,28711.902613645183,0,4451.460081716297,0.0628808304952891,62.9,74.4
FRA,WAW,A321neo,180,215,89,50.033333,8.570556,52.1656990051,20.967100143399996,DE,2.5,28.1,PL,2,15,97.79,98.29,897.246956676412,484.47459863737146,4103.99565076383,1.4181511389004906,180,0,98.04,9110.870344695702,5105.344100041766,2347.228087191418,801,7758,25122.442531928886,32300.89044035083,0,7178.447908421946,0.06511505502831659,65.1,83.7
FRA,WAW,A321neo,200,215,89,50.033333,8.570556,52.1656990051,20.967100143399996,DE,2.5,28.1,PL,2,15,97.79,98.29,897.246956676412,484.47459863737146,4103.99565076383,1.4181511389004906,200,0,98.04,9110.870344695702,5105.344100041766,2347.228087191418,801,8620,25984.442531928886,35889.878267056476,0,9905.43573512759,0.06734927956134408,67.3,93
FRA,WAW,A321neo,220,215,89,50.033333,8.570556,52.1656990051,20.967100143399996,DE,2.5,28.1,PL,2,15,97.79,98.29,897.246956676412,484.47459863737146,4103.99565076383,1.4181511389004906,215,5,98.04,9110.870344695702,5105.344100041766,2347.228087191418,801,9266.5,26630.942531928886,38581.61913708571,897.246956676412,11950.676605156827,0.0690249479611147,69,100
MUC,BUD,A319,100,138,68,48.353802,11.7861,47.42976,19.261093,DE,2.38,27.86,HU,2,15,97.79,42.73,567.1194039694084,306.2199805450369,3498.272237199677,1.025142147582629,100,0,70.26,7766.1643665832835,3690.5117312974644,929.3559894918147,595.6800000000001,4286,17267.71208737256,11342.388079388169,0,-5925.324007984393,0.11031922694181978,110.3,72.5
MUC,BUD,A319,120,138,68,48.353802,11.7861,47.42976,19.261093,DE,2.38,27.86,HU,2,15,97.79,42.73,567.1194039694084,306.2199805450369,3498.272237199677,1.025142147582629,120,0,70.26,7766.1643665832835,3690.5117312974644,929.3559894918147,595.6800000000001,5143.2,18124.912087372562,13610.8656952658,0,-4514.046392106762,0.11579566996195106,115.8,87
MUC,BUD,A319,140,138,68,48.353802,11.7861,47.42976,19.261093,DE,2.38,27.86,HU,2,15,97.79,42.73,567.1194039694084,306.2199805450369,3498.272237199677,1.025142147582629,138,2,70.26,7766.1643665832835,3690.5117312974644,929.3559894918147,595.6800000000001,5914.68,18896.392087372562,15652.495549555671,226.84776158776336,-3243.8965378168905,0.12072446868006921,120.7,100
MUC,BUD,A319,160,138,68,48.353802,11.7861,47.42976,19.261093,DE,2.38,27.86,HU,2,15,97.79,42.73,567.1194039694084,306.2199805450369,3498.272237199677,1.025142147582629,138,22,70.26,7766.1643665832835,3690.5117312974644,929.3559894918147,595.6800000000001,5914.68,18896.392087372562,15652.495549555671,2495.3253774653967,-3243.8965378168905,0.12072446868006921,120.7,100
MUC,BUD,A319,180,138,68,48.353802,11.7861,47.42976,19.261093,DE,2.38,27.86,HU,2,15,97.79,42.73,567.1194039694084,306.2199805450369,3498.272237199677,1.025142147582629,138,42,70.26,7766.1643665832835,3690.5117312974644,929.3559894918147,595.6800000000001,5914.68,18896.392087372562,15652.495549555671,4763.802993343031,-3243.8965378168905,0.12072446868006921,120.7,100
MUC,BUD,A319,200,138,68,48.353802,11.7861,47.42976,19.261093,DE,2.38,27.86,HU,2,15,97.79,42.73,567.1194039694084,306.2199805450369,3498.272237199677,1.025142147582629,138,62,70.26,7766.1643665832835,3690.5117312974644,929.3559894918147,595.6800000000001,5914.68,18896.392087372562,15652.495549555671,7032.280609220664,-3243.8965378168905,0.12072446868006921,120.7,100
MUC,BUD,A319,220,138,68,48.353802,11.7861,47.42976,19.261093,DE,2.38,27.86,HU,2,15,97.79,42.73,567.1194039694084,306.2199805450369,3498.272237199677,1.025142147582629,138,82,70.26,7766.1643665832835,3690.5117312974644,929.3559894918147,595.6800000000001,5914.68,18896.392087372562,15652.495549555671,9300.758225098298,-3243.8965378168905,0.12072446868006921,120.7,100
MUC,BUD,A320neo,100,180,73.5,48.353802,11.7861,47.42976,19.261093,DE,2.38,27.86,HU,2,15,97.79,42.73,567.1194039694084,306.2199805450369,2650.5448594567506,1.025142147582629,100,0,70.26,5884.209587993987,3690.5117312974644,966.2095270232752,648.24,4286,15475.170846314726,11342.388079388169,0,-4132.782766926557,0.07579812184759308,75.8,55.6
MUC,BUD,A320neo,120,180,73.5,48.353802,11.7861,47.42976,19.261093,DE,2.38,27.86,HU,2,15,97.79,42.73,567.1194039694084,306.2199805450369,2650.5448594567506,1.025142147582629,120,0,70.26,5884.209587993987,3690.5117312974644,966.2095270232752,648.24,5143.2,16332.370846314727,13610.8656952658,0,-2721.5051510489266,0.07999672816302705,80,66.7
MUC,BUD,A320neo,140,180,73.5,48.353802,11.7861,47.42976,19.261093,DE,2.38,27.86,HU,2,15,97.79,42.73,567.1194039694084,306.2199805450369,2650.5448594567506,1.025142147582629,140,0,70.26,5884.209587993987,3690.5117312974644,966.2095270232752,648.24,6000.4,17189.570846314724,15879.343311143435,0,-1310.2275351712888,0.08419533447846102,84.2,77.8
MUC,BUD,A320neo,160,180,73.5,48.353802,11.7861,47.42976,19.261093,DE,2.38,27.86,HU,2,15,97.79,42.73,567.1194039694084,306.2199805450369,2650.5448594567506,1.025142147582629,160,0,70.26,5884.209587993987,3690.5117312974644,966.2095270232752,648.24,6857.6,18046.77084631473,18147.82092702107,0,101.05008070633994,0.08839394079389501,88.4,88.9
MUC,BUD,A320neo,180,180,73.5,48.353802,11.7861,47.42976,19.261093,DE,2.38,27.86,HU,2,15,97.79,42.73,567.1194039694084,306.2199805450369,2650.5448594567506,1.025142147582629,180,0,70.26,5884.209587993987,3690.5117312974644,966.2095270232752,648.24,7714.8,18903.970846314725,20416.2985428987,0,1512.327696583976,0.09259254710932897,92.6,100
MUC,BUD,A320neo,200,180,73.5,48.353802,11.7861,47.42976,19.261093,DE,2.38,27.86,HU,2,15,97.79,42.73,567.1194039694084,306.2199805450369,2650.5448594567506,1.025142147582629,180,20,70.26,5884.209587993987,3690.5117312974644,966.2095270232752,648.24,7714.8,18903.970846314725,20416.2985428987,2268.4776158776335,1512.327696583976,0.09259254710932897,92.6,100
MUC,BUD,A320neo,220,180,73.5,48.353802,11.7861,47.42976,19.261093,DE,2.38,27.86,HU,2,15,97.79,42.73,567.1194039694084,306.2199805450369,2650.5448594567506,1.025142147582629,180,40,70.26,5884.209587993987,3690.5117312974644,966.2095270232752,648.24,7714.8,18903.970846314725,20416.2985428987,4536.955231755267,1512.327696583976,0.09259254710932897,92.6,100
MUC,BUD,A321neo,100,215,89,48.353802,11.7861,47.42976,19.261093,DE,2.38,27.86,HU,2,15,97.79,42.73,567.1194039694084,306.2199805450369,3105.056770974387,1.025142147582629,100,0,70.26,6893.226031563139,3690.5117312974644,1063.21880469848,779.64,4286,16712.596567559085,11342.388079388169,0,-5370.208488170916,0.06853319313966338,68.5,46.5
MUC,BUD,A321neo,120,215,89,48.353802,11.7861,47.42976,19.261093,DE,2.38,27.86,HU,2,15,97.79,42.73,567.1194039694084,306.2199805450369,3105.056770974387,1.025142147582629,120,0,70.26,6893.226031563139,3690.5117312974644,1063.21880469848,779.64,5143.2,17569.796567559082,13610.8656952658,0,-3958.930872293282,0.07204830540374763,72,55.8
MUC,BUD,A321neo,140,215,89,48.353802,11.7861,47.42976,19.261093,DE,2.38,27.86,HU,2,15,97.79,42.73,567.1194039694084,306.2199805450369,3105.056770974387,1.025142147582629,140,0,70.26,6893.226031563139,3690.5117312974644,1063.21880469848,779.64,6000.4,18426.996567559083,15879.343311143435,0,-2547.653256415648,0.0755634176678319,75.6,65.1
MUC,BUD,A321neo,160,215,89,48.353802,11.7861,47.42976,19.261093,DE,2.38,27.86,HU,2,15,97.79,42.73,567.1194039694084,306.2199805450369,3105.056770974387,1.025142147582629,160,0,70.26,6893.226031563139,3690.5117312974644,1063.21880469848,779.64,6857.6,19284.196567559084,18147.82092702107,0,-1136.3756405380154,0.07907852993191616,79.1,74.4
MUC,BUD,A321neo,180,215,89,48.353802,11.7861,47.42976,19.261093,DE,2.38,27.86,HU,2,15,97.79,42.73,567.1194039694084,306.2199805450369,3105.056770974387,1.025142147582629,180,0,70.26,6893.226031563139,3690.5117312974644,1063.21880469848,779.64,7714.8,20141.396567559084,20416.2985428987,0,274.9019753396169,0.08259364219600042,82.6,83.7
MUC,BUD,A321neo,200,215,89,48.353802,11.7861,47.42976,19.261093,DE,2.38,27.86,HU,2,15,97.79,42.73,567.1194039694084,306.2199805450369,3105.056770974387,1.025142147582629,200,0,70.26,6893.226031563139,3690.5117312974644,1063.21880469848,779.64,8572,20998.596567559085,22684.776158776338,0,1686.179591217253,0.08610875446008469,86.1,93
MUC,BUD,A321neo,220,215,89,48.353802,11.7861,47.42976,19.261093,DE,2.38,27.86,HU,2,15,97.79,42.73,567.1194039694084,306.2199805450369,3105.056770974387,1.025142147582629,215,5,70.26,6893.226031563139,3690.5117312974644,1063.21880469848,779.64,9214.9,21641.496567559083,24386.134370684562,567.1194039694084,2744.637803125479,0.08874508865814787,88.7,100
MUC,KRK,A319,100,138,68,48.353802,11.7861,50.077702,19.7848,DE,2.38,27.86,PL,2,15,97.79,98.29,612.1064554260605,330.51104504646895,3601.6550077177717,1.0786981612215005,100,0,98.04,7995.674117133454,3883.313380397402,1399.6830782039206,595.6800000000001,4286,18160.350575734778,12242.12910852121,0,-5918.221467213567,0.1074949807634582,107.5,72.5
MUC,KRK,A319,120,138,68,48.353802,11.7861,50.077702,19.7848,DE,2.38,27.86,PL,2,15,97.79,98.29,612.1064554260605,330.51104504646895,3601.6550077177717,1.0786981612215005,120,0,98.04,7995.674117133454,3883.313380397402,1399.6830782039206,595.6800000000001,5143.2,19017.55057573478,14690.554930225451,0,-4326.995645509327,0.1125689300314617,112.6,87
MUC,KRK,A319,140,138,68,48.353802,11.7861,50.077702,19.7848,DE,2.38,27.86,PL,2,15,97.79,98.29,612.1064554260605,330.51104504646895,3601.6550077177717,1.0786981612215005,138,2,98.04,7995.674117133454,3883.313380397402,1399.6830782039206,595.6800000000001,5914.68,19789.030575734778,16894.13816975927,244.8425821704242,-2894.892405975508,0.11713548437266486,117.1,100
MUC,KRK,A319,160,138,68,48.353802,11.7861,50.077702,19.7848,DE,2.38,27.86,PL,2,15,97.79,98.29,612.1064554260605,330.51104504646895,3601.6550077177717,1.0786981612215005,138,22,98.04,7995.674117133454,3883.313380397402,1399.6830782039206,595.6800000000001,5914.68,19789.030575734778,16894.13816975927,2693.2684038746665,-2894.892405975508,0.11713548437266486,117.1,100
MUC,KRK,A319,180,138,68,48.353802,11.7861,50.077702,19.7848,DE,2.38,27.86,PL,2,15,97.79,98.29,612.1064554260605,330.51104504646895,3601.6550077177717,1.0786981612215005,138,42,98.04,7995.674117133454,3883.313380397402,1399.6830782039206,595.6800000000001,5914.68,19789.030575734778,16894.13816975927,5141.694225578908,-2894.892405975508,0.11713548437266486,117.1,100
MUC,KRK,A319,200,138,68,48.353802,11.7861,50.077702,19.7848,DE,2.38,27.86,PL,2,15,97.79,98.29,612.1064554260605,330.51104504646895,3601.6550077177717,1.0786981612215005,138,62,98.04,7995.674117133454,3883.313380397402,1399.6830782039206,595.6800000000001,5914.68,19789.030575734778,16894.13816975927,7590.1200472831515,-2894.892405975508,0.11713548437266486,117.1,100
MUC,KRK,A319,220,138,68,48.353802,11.7861,50.077702,19.7848,DE,2.38,27.86,PL,2,15,97.79,98.29,612.1064554260605,330.51104504646895,3601.6550077177717,1.0786981612215005,138,82,98.04,7995.674117133454,3883.313380397402,1399.6830782039206,595.6800000000001,5914.68,19789.030575734778,16894.13816975927,10038.545868987392,-2894.892405975508,0.11713548437266486,117.1,100
MUC,KRK,A320neo,100,180,73.5,48.353802,11.7861,50.077702,19.7848,DE,2.38,27.86,PL,2,15,97.79,98.29,612.1064554260605,330.51104504646895,2776.0810808001515,1.0786981612215005,100,0,98.04,6162.899999376337,3883.313380397402,1455.187398871122,648.24,4286,16435.64077864486,12242.12910852121,0,-4193.511670123651,0.07458597653030764,74.6,55.6
MUC,KRK,A320neo,120,180,73.5,48.353802,11.7861,50.077702,19.7848,DE,2.38,27.86,PL,2,15,97.79,98.29,612.1064554260605,330.51104504646895,2776.0810808001515,1.0786981612215005,120,0,98.04,6162.899999376337,3883.313380397402,1455.187398871122,648.24,5143.2,17292.84077864486,14690.554930225451,0,-2602.2858484194076,0.07847600430244364,78.5,66.7
MUC,KRK,A320neo,140,180,73.5,48.353802,11.7861,50.077702,19.7848,DE,2.38,27.86,PL,2,15,97.79,98.29,612.1064554260605,330.51104504646895,2776.0810808001515,1.0786981612215005,140,0,98.04,6162.899999376337,3883.313380397402,1455.187398871122,648.24,6000.4,18150.04077864486,17138.980751929696,0,-1011.060026715164,0.08236603207457967,82.4,77.8
MUC,KRK,A320neo,160,180,73.5,48.353802,11.7861,50.077702,19.7848,DE,2.38,27.86,PL,2,15,97.79,98.29,612.1064554260605,330.51104504646895,2776.0810808001515,1.0786981612215005,160,0,98.04,6162.899999376337,3883.313380397402,1455.187398871122,648.24,6857.6,19007.24077864486,19587.406573633936,0,580.165794989076,0.08625605984671568,86.3,88.9
MUC,KRK,A320neo,180,180,73.5,48.353802,11.7861,50.077702,19.7848,DE,2.38,27.86,PL,2,15,97.79,98.29,612.1064554260605,330.51104504646895,2776.0810808001515,1.0786981612215005,180,0,98.04,6162.899999376337,3883.313380397402,1455.187398871122,648.24,7714.8,19864.44077864486,22035.832395338177,0,2171.391616693316,0.0901460876188517,90.1,100
MUC,KRK,A320neo,200,180,73.5,48.353802,11.7861,50.077702,19.7848,DE,2.38,27.86,PL,2,15,97.79,98.29,612.1064554260605,330.51104504646895,2776.0810808001515,1.0786981612215005,180,20,98.04,6162.899999376337,3883.313380397402,1455.187398871122,648.24,7714.8,19864.44077864486,22035.832395338177,2448.425821704242,2171.391616693316,0.0901460876188517,90.1,100
MUC,KRK,A320neo,220,180,73.5,48.353802,11.7861,50.077702,19.7848,DE,2.38,27.86,PL,2,15,97.79,98.29,612.1064554260605,330.51104504646895,2776.0810808001515,1.0786981612215005,180,40,98.04,6162.899999376337,3883.313380397402,1455.187398871122,648.24,7714.8,19864.44077864486,22035.832395338177,4896.851643408484,2171.391616693316,0.0901460876188517,90.1,100
MUC,KRK,A321neo,100,215,89,48.353802,11.7861,50.077702,19.7848,DE,2.38,27.86,PL,2,15,97.79,98.29,612.1064554260605,330.51104504646895,3241.183896440412,1.0786981612215005,100,0,98.04,7195.428250097715,3883.313380397402,1601.2909866523955,779.64,4286,17745.67261714751,12242.12910852121,0,-5503.543508626299,0.06742128876530801,67.4,46.5
MUC,KRK,A321neo,120,215,89,48.353802,11.7861,50.077702,19.7848,DE,2.38,27.86,PL,2,15,97.79,98.29,612.1064554260605,330.51104504646895,3241.183896440412,1.0786981612215005,120,0,98.04,7195.428250097715,3883.313380397402,1601.2909866523955,779.64,5143.2,18602.87261714751,14690.554930225451,0,-3912.317686922059,0.07067805620244513,70.7,55.8
MUC,KRK,A321neo,140,215,89,48.353802,11.7861,50.077702,19.7848,DE,2.38,27.86,PL,2,15,97.79,98.29,612.1064554260605,330.51104504646895,3241.183896440412,1.0786981612215005,140,0,98.04,7195.428250097715,3883.313380397402,1601.2909866523955,779.64,6000.4,19460.07261714751,17138.980751929696,0,-2321.091865217815,0.07393482363958226,73.9,65.1
MUC,KRK,A321neo,160,215,89,48.353802,11.7861,50.077702,19.7848,DE,2.38,27.86,PL,2,15,97.79,98.29,612.1064554260605,330.51104504646895,3241.183896440412,1.0786981612215005,160,0,98.04,7195.428250097715,3883.313380397402,1601.2909866523955,779.64,6857.6,20317.27261714751,19587.406573633936,0,-729.8660435135753,0.0771915910767194,77.2,74.4
MUC,KRK,A321neo,180,215,89,48.353802,11.7861,50.077702,19.7848,DE,2.38,27.86,PL,2,15,97.79,98.29,612.1064554260605,330.51104504646895,3241.183896440412,1.0786981612215005,180,0,98.04,7195.428250097715,3883.313380397402,1601.2909866523955,779.64,7714.8,21174.472617147512,22035.832395338177,0,861.3597781906647,0.08044835851385652,80.4,83.7
MUC,KRK,A321neo,200,215,89,48.353802,11.7861,50.077702,19.7848,DE,2.38,27.86,PL,2,15,97.79,98.29,612.1064554260605,330.51104504646895,3241.183896440412,1.0786981612215005,200,0,98.04,7195.428250097715,3883.313380397402,1601.2909866523955,779.64,8572,22031.67261714751,24484.25821704242,0,2452.585599894912,0.08370512595099365,83.7,93
MUC,KRK,A321neo,220,215,89,48.353802,11.7861,50.077702,19.7848,DE,2.38,27.86,PL,2,15,97.79,98.29,612.1064554260605,330.51104504646895,3241.183896440412,1.0786981612215005,215,5,98.04,7195.428250097715,3883.313380397402,1601.2909866523955,779.64,9214.9,22674.57261714751,26320.577583320603,612.1064554260605,3646.004966173092,0.0861477015288465,86.1,100
MUC,POZ,A319,100,138,68,48.353802,11.7861,52.421001434299995,16.8262996674,DE,2.38,27.86,PL,2,15,97.79,98.29,576.7385012865909,311.4138775845523,3520.3774629998547,1.0365934539126083,100,0,98.04,7815.237967859678,3731.7364340853896,1318.8083766207615,595.6800000000001,4286,17747.46277856583,11534.77002573182,0,-6212.692752834011,0.11149316584235183,111.5,72.5
MUC,POZ,A319,120,138,68,48.353802,11.7861,52.421001434299995,16.8262996674,DE,2.38,27.86,PL,2,15,97.79,98.29,576.7385012865909,311.4138775845523,3520.3774629998547,1.0365934539126083,120,0,98.04,7815.237967859678,3731.7364340853896,1318.8083766207615,595.6800000000001,5143.2,18604.66277856583,13841.724030878184,0,-4762.938747687647,0.11687827034728926,116.9,87
MUC,POZ,A319,140,138,68,48.353802,11.7861,52.421001434299995,16.8262996674,DE,2.38,27.86,PL,2,15,97.79,98.29,576.7385012865909,311.4138775845523,3520.3774629998547,1.0365934539126083,138,2,98.04,7815.237967859678,3731.7364340853896,1318.8083766207615,595.6800000000001,5914.68,19376.14277856583,15917.98263550991,230.6954005146364,-3458.1601430559203,0.12172486440173293,121.7,100
MUC,POZ,A319,160,138,68,48.353802,11.7861,52.421001434299995,16.8262996674,DE,2.38,27.86,PL,2,15,97.79,98.29,576.7385012865909,311.4138775845523,3520.3774629998547,1.0365934539126083,138,22,98.04,7815.237967859678,3731.7364340853896,1318.8083766207615,595.6800000000001,5914.68,19376.14277856583,15917.98263550991,2537.6494056610004,-3458.1601430559203,0.12172486440173293,121.7,100
MUC,POZ,A319,180,138,68,48.353802,11.7861,52.421001434299995,16.8262996674,DE,2.38,27.86,PL,2,15,97.79,98.29,576.7385012865909,311.4138775845523,3520.3774629998547,1.0365934539126083,138,42,98.04,7815.237967859678,3731.7364340853896,1318.8083766207615,595.6800000000001,5914.68,19376.14277856583,15917.98263550991,4844.6034108073645,-3458.1601430559203,0.12172486440173293,121.7,100
MUC,POZ,A319,200,138,68,48.353802,11.7861,52.421001434299995,16.8262996674,DE,2.38,27.86,PL,2,15,97.79,98.29,576.7385012865909,311.4138775845523,3520.3774629998547,1.0365934539126083,138,62,98.04,7815.237967859678,3731.7364340853896,1318.8083766207615,595.6800000000001,5914.68,19376.14277856583,15917.98263550991,7151.557415953727,-3458.1601430559203,0.12172486440173293,121.7,100
MUC,POZ,A319,220,138,68,48.353802,11.7861,52.421001434299995,16.8262996674,DE,2.38,27.86,PL,2,15,97.79,98.29,576.7385012865909,311.4138775845523,3520.3774629998547,1.0365934539126083,138,82,98.04,7815.237967859678,3731.7364340853896,1318.8083766207615,595.6800000000001,5914.68,19376.14277856583,15917.98263550991,9458.511421100091,-3458.1601430559203,0.12172486440173293,121.7,100
MUC,POZ,A320neo,100,180,73.5,48.353802,11.7861,52.421001434299995,16.8262996674,DE,2.38,27.86,PL,2,15,97.79,98.29,576.7385012865909,311.4138775845523,2677.3869193569662,1.0365934539126083,100,0,98.04,5943.7989609724655,3731.7364340853896,1371.1056174565088,648.24,4286,15980.881012514365,11534.77002573182,0,-4446.110986782545,0.07696960762433033,77,55.6
MUC,POZ,A320neo,120,180,73.5,48.353802,11.7861,52.421001434299995,16.8262996674,DE,2.38,27.86,PL,2,15,97.79,98.29,576.7385012865909,311.4138775845523,2677.3869193569662,1.0365934539126083,120,0,98.04,5943.7989609724655,3731.7364340853896,1371.1056174565088,648.24,5143.2,16838.081012514365,13841.724030878184,0,-2996.3569816361814,0.08109818774478235,81.1,66.7
MUC,POZ,A320neo,140,180,73.5,48.353802,11.7861,52.421001434299995,16.8262996674,DE,2.38,27.86,PL,2,15,97.79,98.29,576.7385012865909,311.4138775845523,2677.3869193569662,1.0365934539126083,140,0,98.04,5943.7989609724655,3731.7364340853896,1371.1056174565088,648.24,6000.4,17695.281012514366,16148.678036024547,0,-1546.6029764898194,0.08522676786523438,85.2,77.8
MUC,POZ,A320neo,160,180,73.5,48.353802,11.7861,52.421001434299995,16.8262996674,DE,2.38,27.86,PL,2,15,97.79,98.29,576.7385012865909,311.4138775845523,2677.3869193569662,1.0365934539126083,160,0,98.04,5943.7989609724655,3731.7364340853896,1371.1056174565088,648.24,6857.6,18552.481012514363,18455.63204117091,0,-96.84897134345374,0.08935534798568638,89.4,88.9
MUC,POZ,A320neo,180,180,73.5,48.353802,11.7861,52.421001434299995,16.8262996674,DE,2.38,27.86,PL,2,15,97.79,98.29,576.7385012865909,311.4138775845523,2677.3869193569662,1.0365934539126083,180,0,98.04,5943.7989609724655,3731.7364340853896,1371.1056174565088,648.24,7714.8,19409.681012514364,20762.586046317272,0,1352.9050338029083,0.09348392810613841,93.5,100
MUC,POZ,A320neo,200,180,73.5,48.353802,11.7861,52.421001434299995,16.8262996674,DE,2.38,27.86,PL,2,15,97.79,98.29,576.7385012865909,311.4138775845523,2677.3869193569662,1.0365934539126083,180,20,98.04,5943.7989609724655,3731.7364340853896,1371.1056174565088,648.24,7714.8,19409.681012514364,20762.586046317272,2306.9540051463637,1352.9050338029083,0.09348392810613841,93.5,100
MUC,POZ,A320neo,220,180,73.5,48.353802,11.7861,52.421001434299995,16.8262996674,DE,2.38,27.86,PL,2,15,97.79,98.29,576.7385012865909,311.4138775845523,2677.3869193569662,1.0365934539126083,180,40,98.04,5943.7989609724655,3731.7364340853896,1371.1056174565088,648.24,7714.8,19409.681012514364,20762.586046317272,4613.908010292727,1352.9050338029083,0.09348392810613841,93.5,100
MUC,POZ,A321neo,100,215,89,48.353802,11.7861,52.421001434299995,16.8262996674,DE,2.38,27.86,PL,2,15,97.79,98.29,576.7385012865909,311.4138775845523,3134.163369983831,1.0365934539126083,100,0,98.04,6957.842681364106,3731.7364340853896,1508.7672341615855,779.64,4286,17263.98634961108,11534.77002573182,0,-5729.216323879262,0.06961353433947565,69.6,46.5
MUC,POZ,A321neo,120,215,89,48.353802,11.7861,52.421001434299995,16.8262996674,DE,2.38,27.86,PL,2,15,97.79,98.29,576.7385012865909,311.4138775845523,3134.163369983831,1.0365934539126083,120,0,98.04,6957.842681364106,3731.7364340853896,1508.7672341615855,779.64,5143.2,18121.186349611082,13841.724030878184,0,-4279.462318732898,0.07307002002171455,73.1,55.8
MUC,POZ,A321neo,140,215,89,48.353802,11.7861,52.421001434299995,16.8262996674,DE,2.38,27.86,PL,2,15,97.79,98.29,576.7385012865909,311.4138775845523,3134.163369983831,1.0365934539126083,140,0,98.04,6957.842681364106,3731.7364340853896,1508.7672341615855,779.64,6000.4,18978.38634961108,16148.678036024547,0,-2829.7083135865323,0.07652650570395345,76.5,65.1
MUC,POZ,A321neo,160,215,89,48.353802,11.7861,52.421001434299995,16.8262996674,DE,2.38,27.86,PL,2,15,97.79,98.29,576.7385012865909,311.4138775845523,3134.163369983831,1.0365934539126083,160,0,98.04,6957.842681364106,3731.7364340853896,1508.7672341615855,779.64,6857.6,19835.586349611083,18455.63204117091,0,-1379.954308440174,0.07998299138619236,80,74.4
MUC,POZ,A321neo,180,215,89,48.353802,11.7861,52.421001434299995,16.8262996674,DE,2.38,27.86,PL,2,15,97.79,98.29,576.7385012865909,311.4138775845523,3134.163369983831,1.0365934539126083,180,0,98.04,6957.842681364106,3731.7364340853896,1508.7672341615855,779.64,7714.8,20692.78634961108,20762.586046317272,0,69.79969670619175,0.08343947706843124,83.4,83.7
MUC,POZ,A321neo,200,215,89,48.353802,11.7861,52.421001434299995,16.8262996674,DE,2.38,27.86,PL,2,15,97.79,98.29,576.7385012865909,311.4138775845523,3134.163369983831,1.0365934539126083,200,0,98.04,6957.842681364106,3731.7364340853896,1508.7672341615855,779.64,8572,21549.98634961108,23069.54005146364,0,1519.5537018525574,0.08689596275067014,86.9,93
MUC,POZ,A321neo,220,215,89,48.353802,11.7861,52.421001434299995,16.8262996674,DE,2.38,27.86,PL,2,15,97.79,98.29,576.7385012865909,311.4138775845523,3134.163369983831,1.0365934539126083,215,5,98.04,6957.842681364106,3731.7364340853896,1508.7672341615855,779.64,9214.9,22192.88634961108,24799.755555323412,576.7385012865909,2606.8692057123335,0.08948832701234932,89.5,100
MUC,PRG,A319,100,138,68,48.353802,11.7861,50.1008,14.26,DE,2.38,27.86,CZ,2,15,97.79,79.34,264.85922333765427,143.01253959916536,1835.638826827296,0.6653085992114931,100,0,88.565,4075.1181955565976,2395.110957161375,547.1125512879831,595.6800000000001,4286,11899.021704005958,5297.184466753086,0,-6601.837237252872,0.1627747636461233,162.8,72.5
MUC,PRG,A319,120,138,68,48.353802,11.7861,50.1008,14.26,DE,2.38,27.86,CZ,2,15,97.79,79.34,264.85922333765427,143.01253959916536,1835.638826827296,0.6653085992114931,120,0,88.565,4075.1181955565976,2395.110957161375,547.1125512879831,595.6800000000001,5143.2,12756.221704005957,6356.6213601037025,0,-6399.600343902254,0.17450098205872455,174.5,87
MUC,PRG,A319,140,138,68,48.353802,11.7861,50.1008,14.26,DE,2.38,27.86,CZ,2,15,97.79,79.34,264.85922333765427,143.01253959916536,1835.638826827296,0.6653085992114931,138,2,88.565,4075.1181955565976,2395.110957161375,547.1125512879831,595.6800000000001,5914.68,13527.701704005958,7310.114564119258,105.94368933506172,-6217.5871398867,0.18505457863006572,185.1,100
MUC,PRG,A319,160,138,68,48.353802,11.7861,50.1008,14.26,DE,2.38,27.86,CZ,2,15,97.79,79.34,264.85922333765427,143.01253959916536,1835.638826827296,0.6653085992114931,138,22,88.565,4075.1181955565976,2395.110957161375,547.1125512879831,595.6800000000001,5914.68,13527.701704005958,7310.114564119258,1165.3805826856787,-6217.5871398867,0.18505457863006572,185.1,100
MUC,PRG,A319,180,138,68,48.353802,11.7861,50.1008,14.26,DE,2.38,27.86,CZ,2,15,97.79,79.34,264.85922333765427,143.01253959916536,1835.638826827296,0.6653085992114931,138,42,88.565,4075.1181955565976,2395.110957161375,547.1125512879831,595.6800000000001,5914.68,13527.701704005958,7310.114564119258,2224.817476036296,-6217.5871398867,0.18505457863006572,185.1,100
MUC,PRG,A319,200,138,68,48.353802,11.7861,50.1008,14.26,DE,2.38,27.86,CZ,2,15,97.79,79.34,264.85922333765427,143.01253959916536,1835.638826827296,0.6653085992114931,138,62,88.565,4075.1181955565976,2395.110957161375,547.1125512879831,595.6800000000001,5914.68,13527.701704005958,7310.114564119258,3284.254369386913,-6217.5871398867,0.18505457863006572,185.1,100
MUC,PRG,A319,220,138,68,48.353802,11.7861,50.1008,14.26,DE,2.38,27.86,CZ,2,15,97.79,79.34,264.85922333765427,143.01253959916536,1835.638826827296,0.6653085992114931,138,82,88.565,4075.1181955565976,2395.110957161375,547.1125512879831,595.6800000000001,5914.68,13527.701704005958,7310.114564119258,4343.69126273753,-6217.5871398867,0.18505457863006572,185.1,100
MUC,PRG,A320neo,100,180,73.5,48.353802,11.7861,50.1008,14.26,DE,2.38,27.86,CZ,2,15,97.79,79.34,264.85922333765427,143.01253959916536,1807.0888046484865,0.6653085992114931,100,0,88.565,4011.7371463196405,2395.110957161375,568.808255808971,648.24,4286,11909.896359289985,5297.184466753086,0,-6612.7118925368995,0.12490803614679656,124.9,55.6
MUC,PRG,A320neo,120,180,73.5,48.353802,11.7861,50.1008,14.26,DE,2.38,27.86,CZ,2,15,97.79,79.34,264.85922333765427,143.01253959916536,1807.0888046484865,0.6653085992114931,120,0,88.565,4011.7371463196405,2395.110957161375,568.808255808971,648.24,5143.2,12767.096359289986,6356.6213601037025,0,-6410.474999186284,0.13389813692979088,133.9,66.7
MUC,PRG,A320neo,140,180,73.5,48.353802,11.7861,50.1008,14.26,DE,2.38,27.86,CZ,2,15,97.79,79.34,264.85922333765427,143.01253959916536,1807.0888046484865,0.6653085992114931,140,0,88.565,4011.7371463196405,2395.110957161375,568.808255808971,648.24,6000.4,13624.296359289987,7416.05825345432,0,-6208.238105835667,0.1428882377127852,142.9,77.8
MUC,PRG,A320neo,160,180,73.5,48.353802,11.7861,50.1008,14.26,DE,2.38,27.86,CZ,2,15,97.79,79.34,264.85922333765427,143.01253959916536,1807.0888046484865,0.6653085992114931,160,0,88.565,4011.7371463196405,2395.110957161375,568.808255808971,648.24,6857.6,14481.496359289988,8475.495146804938,0,-6006.001212485049,0.1518783384957795,151.9,88.9
MUC,PRG,A320neo,180,180,73.5,48.353802,11.7861,50.1008,14.26,DE,2.38,27.86,CZ,2,15,97.79,79.34,264.85922333765427,143.01253959916536,1807.0888046484865,0.6653085992114931,180,0,88.565,4011.7371463196405,2395.110957161375,568.808255808971,648.24,7714.8,15338.696359289987,9534.932040155554,0,-5803.764319134432,0.1608684392787738,160.9,100
MUC,PRG,A320neo,200,180,73.5,48.353802,11.7861,50.1008,14.26,DE,2.38,27.86,CZ,2,15,97.79,79.34,264.85922333765427,143.01253959916536,1807.0888046484865,0.6653085992114931,180,20,88.565,4011.7371463196405,2395.110957161375,568.808255808971,648.24,7714.8,15338.696359289987,9534.932040155554,1059.4368933506173,-5803.764319134432,0.1608684392787738,160.9,100
MUC,PRG,A320neo,220,180,73.5,48.353802,11.7861,50.1008,14.26,DE,2.38,27.86,CZ,2,15,97.79,79.34,264.85922333765427,143.01253959916536,1807.0888046484865,0.6653085992114931,180,40,88.565,4011.7371463196405,2395.110957161375,568.808255808971,648.24,7714.8,15338.696359289987,9534.932040155554,2118.8737867012346,-5803.764319134432,0.1608684392787738,160.9,100
MUC,PRG,A321neo,100,215,89,48.353802,11.7861,50.1008,14.26,DE,2.38,27.86,CZ,2,15,97.79,79.34,264.85922333765427,143.01253959916536,2190.870221755326,0.6653085992114931,100,0,88.565,4863.731892296824,2395.110957161375,625.9176885856488,779.64,4286,12950.400538043848,5297.184466753086,0,-7653.216071290763,0.1137102577515135,113.7,46.5
MUC,PRG,A321neo,120,215,89,48.353802,11.7861,50.1008,14.26,DE,2.38,27.86,CZ,2,15,97.79,79.34,264.85922333765427,143.01253959916536,2190.870221755326,0.6653085992114931,120,0,88.565,4863.731892296824,2395.110957161375,625.9176885856488,779.64,5143.2,13807.600538043847,6356.6213601037025,0,-7450.979177940145,0.12123685375588082,121.2,55.8
MUC,PRG,A321neo,140,215,89,48.353802,11.7861,50.1008,14.26,DE,2.38,27.86,CZ,2,15,97.79,79.34,264.85922333765427,143.01253959916536,2190.870221755326,0.6653085992114931,140,0,88.565,4863.731892296824,2395.110957161375,625.9176885856488,779.64,6000.4,14664.800538043848,7416.05825345432,0,-7248.742284589528,0.12876344976024814,128.8,65.1
MUC,PRG,A321neo,160,215,89,48.353802,11.7861,50.1008,14.26,DE,2.38,27.86,CZ,2,15,97.79,79.34,264.85922333765427,143.01253959916536,2190.870221755326,0.6653085992114931,160,0,88.565,4863.731892296824,2395.110957161375,625.9176885856488,779.64,6857.6,15522.000538043849,8475.495146804938,0,-7046.50539123891,0.13629004576461548,136.3,74.4
MUC,PRG,A321neo,180,215,89,48.353802,11.7861,50.1008,14.26,DE,2.38,27.86,CZ,2,15,97.79,79.34,264.85922333765427,143.01253959916536,2190.870221755326,0.6653085992114931,180,0,88.565,4863.731892296824,2395.110957161375,625.9176885856488,779.64,7714.8,16379.20053804385,9534.932040155554,0,-6844.268497888295,0.14381664176898284,143.8,83.7
MUC,PRG,A321neo,200,215,89,48.353802,11.7861,50.1008,14.26,DE,2.38,27.86,CZ,2,15,97.79,79.34,264.85922333765427,143.01253959916536,2190.870221755326,0.6653085992114931,200,0,88.565,4863.731892296824,2395.110957161375,625.9176885856488,779.64,8572,17236.400538043847,10594.368933506172,0,-6642.031604537675,0.15134323777335013,151.3,93
MUC,PRG,A321neo,220,215,89,48.353802,11.7861,50.1008,14.26,DE,2.38,27.86,CZ,2,15,97.79,79.34,264.85922333765427,143.01253959916536,2190.870221755326,0.6653085992114931,215,5,88.565,4863.731892296824,2395.110957161375,625.9176885856488,779.64,9214.9,17879.300538043848,11388.946603519134,264.8592233376543,-6490.353934524714,0.15698818477662566,157,100
MUC,WAW,A319,100,138,68,48.353802,11.7861,52.1656990051,20.967100143399996,DE,2.38,27.86,PL,2,15,97.79,98.29,778.2020424592698,420.19548728902254,3983.35199390208,1.2764310029277022,100,0,98.04,8843.041426462618,4595.151610539728,1779.4882256155904,595.6800000000001,4286,20099.36126261794,15564.040849185398,0,-4535.320413432541,0.09357951883614622,93.6,72.5
MUC,WAW,A319,120,138,68,48.353802,11.7861,52.1656990051,20.967100143399996,DE,2.38,27.86,PL,2,15,97.79,98.29,778.2020424592698,420.19548728902254,3983.35199390208,1.2764310029277022,120,0,98.04,8843.041426462618,4595.151610539728,1779.4882256155904,595.6800000000001,5143.2,20956.561262617935,18676.849019022477,0,-2279.712243595459,0.09757050951979226,97.6,87
MUC,WAW,A319,140,138,68,48.353802,11.7861,52.1656990051,20.967100143399996,DE,2.38,27.86,PL,2,15,97.79,98.29,778.2020424592698,420.19548728902254,3983.35199390208,1.2764310029277022,138,2,98.04,8843.041426462618,4595.151610539728,1779.4882256155904,595.6800000000001,5914.68,21728.04126261794,21478.37637187585,311.28081698370795,-249.66489074208948,0.10116240113507372,101.2,100
MUC,WAW,A319,160,138,68,48.353802,11.7861,52.1656990051,20.967100143399996,DE,2.38,27.86,PL,2,15,97.79,98.29,778.2020424592698,420.19548728902254,3983.35199390208,1.2764310029277022,138,22,98.04,8843.041426462618,4595.151610539728,1779.4882256155904,595.6800000000001,5914.68,21728.04126261794,21478.37637187585,3424.0889868207873,-249.66489074208948,0.10116240113507372,101.2,100
MUC,WAW,A319,180,138,68,48.353802,11.7861,52.1656990051,20.967100143399996,DE,2.38,27.86,PL,2,15,97.79,98.29,778.2020424592698,420.19548728902254,3983.35199390208,1.2764310029277022,138,42,98.04,8843.041426462618,4595.151610539728,1779.4882256155904,595.6800000000001,5914.68,21728.04126261794,21478.37637187585,6536.897156657867,-249.66489074208948,0.10116240113507372,101.2,100
MUC,WAW,A319,200,138,68,48.353802,11.7861,52.1656990051,20.967100143399996,DE,2.38,27.86,PL,2,15,97.79,98.29,778.2020424592698,420.19548728902254,3983.35199390208,1.2764310029277022,138,62,98.04,8843.041426462618,4595.151610539728,1779.4882256155904,595.6800000000001,5914.68,21728.04126261794,21478.37637187585,9649.705326494946,-249.66489074208948,0.10116240113507372,101.2,100
MUC,WAW,A319,220,138,68,48.353802,11.7861,52.1656990051,20.967100143399996,DE,2.38,27.86,PL,2,15,97.79,98.29,778.2020424592698,420.19548728902254,3983.35199390208,1.2764310029277022,138,82,98.04,8843.041426462618,4595.151610539728,1779.4882256155904,595.6800000000001,5914.68,21728.04126261794,21478.37637187585,12762.513496332025,-249.66489074208948,0.10116240113507372,101.2,100
MUC,WAW,A320neo,100,180,73.5,48.353802,11.7861,52.1656990051,20.967100143399996,DE,2.38,27.86,PL,2,15,97.79,98.29,778.2020424592698,420.19548728902254,3239.5702783096685,1.2764310029277022,100,0,98.04,7191.846017847465,4595.151610539728,1850.0536890666585,648.24,4286,18571.29131745385,15564.040849185398,0,-3007.250468268454,0.06628988040591104,66.3,55.6
MUC,WAW,A320neo,120,180,73.5,48.353802,11.7861,52.1656990051,20.967100143399996,DE,2.38,27.86,PL,2,15,97.79,98.29,778.2020424592698,420.19548728902254,3239.5702783096685,1.2764310029277022,120,0,98.04,7191.846017847465,4595.151610539728,1850.0536890666585,648.24,5143.2,19428.491317453852,18676.849019022477,0,-751.6422984313758,0.06934963993003967,69.3,66.7
MUC,WAW,A320neo,140,180,73.5,48.353802,11.7861,52.1656990051,20.967100143399996,DE,2.38,27.86,PL,2,15,97.79,98.29,778.2020424592698,420.19548728902254,3239.5702783096685,1.2764310029277022,140,0,98.04,7191.846017847465,4595.151610539728,1850.0536890666585,648.24,6000.4,20285.69131745385,21789.657188859557,0,1503.9658714057077,0.07240939945416831,72.4,77.8
MUC,WAW,A320neo,160,180,73.5,48.353802,11.7861,52.1656990051,20.967100143399996,DE,2.38,27.86,PL,2,15,97.79,98.29,778.2020424592698,420.19548728902254,3239.5702783096685,1.2764310029277022,160,0,98.04,7191.846017847465,4595.151610539728,1850.0536890666585,648.24,6857.6,21142.891317453854,24902.465358696634,0,3759.5740412427804,0.07546915897829697,75.5,88.9
MUC,WAW,A320neo,180,180,73.5,48.353802,11.7861,52.1656990051,20.967100143399996,DE,2.38,27.86,PL,2,15,97.79,98.29,778.2020424592698,420.19548728902254,3239.5702783096685,1.2764310029277022,180,0,98.04,7191.846017847465,4595.151610539728,1850.0536890666585,648.24,7714.8,22000.09131745385,28015.273528533715,0,6015.182211079864,0.07852891850242559,78.5,100
MUC,WAW,A320neo,200,180,73.5,48.353802,11.7861,52.1656990051,20.967100143399996,DE,2.38,27.86,PL,2,15,97.79,98.29,778.2020424592698,420.19548728902254,3239.5702783096685,1.2764310029277022,180,20,98.04,7191.846017847465,4595.151610539728,1850.0536890666585,648.24,7714.8,22000.09131745385,28015.273528533715,3112.8081698370793,6015.182211079864,0.07852891850242559,78.5,100
MUC,WAW,A320neo,220,180,73.5,48.353802,11.7861,52.1656990051,20.967100143399996,DE,2.38,27.86,PL,2,15,97.79,98.29,778.2020424592698,420.19548728902254,3239.5702783096685,1.2764310029277022,180,40,98.04,7191.846017847465,4595.151610539728,1850.0536890666585,648.24,7714.8,22000.09131745385,28015.273528533715,6225.616339674159,6015.182211079864,0.07852891850242559,78.5,100
MUC,WAW,A321neo,100,215,89,48.353802,11.7861,52.1656990051,20.967100143399996,DE,2.38,27.86,PL,2,15,97.79,98.29,778.2020424592698,420.19548728902254,3743.775510767682,1.2764310029277022,100,0,98.04,8311.181633904254,4595.151610539728,2035.8026048216373,779.64,4286,20007.77584926562,15564.040849185398,0,-4443.7350000802235,0.059791299352439334,59.8,46.5
MUC,WAW,A321neo,120,215,89,48.353802,11.7861,52.1656990051,20.967100143399996,DE,2.38,27.86,PL,2,15,97.79,98.29,778.2020424592698,420.19548728902254,3743.775510767682,1.2764310029277022,120,0,98.04,8311.181633904254,4595.151610539728,2035.8026048216373,779.64,5143.2,20864.97584926562,18676.849019022477,0,-2188.1268302431417,0.06235295848891912,62.4,55.8
MUC,WAW,A321neo,140,215,89,48.353802,11.7861,52.1656990051,20.967100143399996,DE,2.38,27.86,PL,2,15,97.79,98.29,778.2020424592698,420.19548728902254,3743.775510767682,1.2764310029277022,140,0,98.04,8311.181633904254,4595.151610539728,2035.8026048216373,779.64,6000.4,21722.17584926562,21789.657188859557,0,67.48133959393817,0.06491461762539891,64.9,65.1
MUC,WAW,A321neo,160,215,89,48.353802,11.7861,52.1656990051,20.967100143399996,DE,2.38,27.86,PL,2,15,97.79,98.29,778.2020424592698,420.19548728902254,3743.775510767682,1.2764310029277022,160,0,98.04,8311.181633904254,4595.151610539728,2035.8026048216373,779.64,6857.6,22579.37584926562,24902.465358696634,0,2323.0895094310144,0.0674762767618787,67.5,74.4
MUC,WAW,A321neo,180,215,89,48.353802,11.7861,52.1656990051,20.967100143399996,DE,2.38,27.86,PL,2,15,97.79,98.29,778.2020424592698,420.19548728902254,3743.775510767682,1.2764310029277022,180,0,98.04,8311.181633904254,4595.151610539728,2035.8026048216373,779.64,7714.8,23436.57584926562,28015.273528533715,0,4578.697679268094,0.0700379358983585,70,83.7
MUC,WAW,A321neo,200,215,89,48.353802,11.7861,52.1656990051,20.967100143399996,DE,2.38,27.86,PL,2,15,97.79,98.29,778.2020424592698,420.19548728902254,3743.775510767682,1.2764310029277022,200,0,98.04,8311.181633904254,4595.151610539728,2035.8026048216373,779.64,8572,24293.77584926562,31128.081698370795,0,6834.305849105174,0.07259959503483829,72.6,93
MUC,WAW,A321neo,220,215,89,48.353802,11.7861,52.1656990051,20.967100143399996,DE,2.38,27.86,PL,2,15,97.79,98.29,778.2020424592698,420.19548728902254,3743.775510767682,1.2764310029277022,215,5,98.04,8311.181633904254,4595.151610539728,2035.8026048216373,779.64,9214.9,24936.67584926562,33462.6878257486,778.2020424592698,8526.011976482983,0.07452083938719813,74.5,100
